{"cameraMode":{"drawMode":0,"name":"Shaded","section":"Shading Mode"},"sceneLighting":true,"audioPlay":false,"sceneViewState":{"showFog":false,"showMaterialUpdate":false,"showSkybox":false,"showFlares":true,"showImageEffects":true,"showParticleSystems":true},"in2DMode":false,"pivot":{"x":2.1048011779785158,"y":-1.1608474254608155,"z":10.769330024719239},"rotation":{"x":-0.006336743477731943,"y":-0.9931082129478455,"z":0.064144067466259,"w":-0.09804566949605942},"size":12.555020332336426,"orthographic":true}